{"input_shapes": [[1, 28, 28]], "input_data": [[0.05354200676083565, 0.007414502091705799, 0.06079770252108574, 0.06588464975357056, 0.036106884479522705, 0.0879228413105011, 0.06788526475429535, 0.06341732293367386, 0.02498423494398594, 0.08953520655632019, 0.021773619577288628, 0.014637971296906471, 0.037818264216184616, 0.05682389810681343, 0.09854327142238617, 0.04494478926062584, 0.003956949803978205, 0.05463303253054619, 0.06018165871500969, 0.011369109153747559, 0.0540207140147686, 0.04373788461089134, 0.012924439273774624, 0.09956688433885574, 0.0658065602183342, 0.025824982672929764, 0.07658308744430542, 0.05756426602602005, 0.08155389875173569, 0.0069055440835654736, 0.051163721829652786, 0.06142449378967285, 0.007809263654053211, 0.09404893964529037, 0.006648910231888294, 0.01827857457101345, 0.09861167520284653, 0.08434624969959259, 0.008735859766602516, 0.06570962071418762, 0.006844681687653065, 0.010224658064544201, 0.07593121379613876, 0.06878466159105301, 0.05780884250998497, 0.09890278428792953, 0.05511460825800896, 0.0741577297449112, 0.09545465558767319, 0.026556873694062233, 0.008721566759049892, 0.08803344517946243, 0.02747023105621338, 0.05571948364377022, 0.06775718927383423, 0.04005439206957817, 0.03329674154520035, 0.08470882475376129, 0.001989221666008234, 0.05321989580988884, 0.06620543450117111, 0.06015509366989136, 0.06755105406045914, 0.08199911564588547, 0.019604599103331566, 0.008282840251922607, 0.002900368068367243, 0.0777936652302742, 0.052430011332035065, 0.0682719424366951, 0.021842313930392265, 0.02451224997639656, 0.0076975286938250065, 0.007349759340286255, 0.058441389352083206, 0.015593874268233776, 0.07969330251216888, 0.060768045485019684, 0.03305703401565552, 0.050212498754262924, 0.05788657069206238, 0.08970032632350922, 0.09049653261899948, 0.047983527183532715, 0.009747969917953014, 0.098171167075634, 0.07795023918151855, 0.0830349549651146, 0.0831204503774643, 0.08011313527822495, 0.01365390419960022, 0.04051637649536133, 0.030696267262101173, 0.09927088767290115, 0.09256948530673981, 0.09312461316585541, 0.02139141596853733, 0.07219167053699493, 0.06730154156684875, 0.09941551834344864, 0.08359289914369583, 0.02569732628762722, 0.04606017470359802, 0.07286807149648666, 0.053097840398550034, 0.08142014592885971, 0.029056673869490623, 0.05762755498290062, 0.0021865428425371647, 0.052710216492414474, 0.05689210817217827, 0.06101498752832413, 0.07709117978811264, 0.02698327973484993, 0.08751707524061203, 0.03186722472310066, 0.0585477314889431, 0.0900045782327652, 0.06362216174602509, 0.019036073237657547, 0.0515950508415699, 0.02176431380212307, 0.01849392056465149, 0.0006902754539623857, 0.008862125687301159, 0.033662497997283936, 0.07083037495613098, 0.06924089044332504, 0.05062678083777428, 0.05834316834807396, 0.03967897221446037, 0.04561200737953186, 0.0022659122478216887, 0.014887327328324318, 0.09957597404718399, 1.583695484441705e-05, 0.026525771245360374, 0.07022039592266083, 0.027507280930876732, 0.09226720035076141, 0.06664926558732986, 0.09882944822311401, 0.02033182419836521, 0.005989187862724066, 0.0777365118265152, 0.08359801024198532, 0.06621444225311279, 0.08240418881177902, 0.025340044870972633, 0.09845811128616333, 0.07748119533061981, 0.04471033439040184, 0.05495426058769226, 0.05037771537899971, 0.036112230271101, 0.0814848467707634, 0.095821313560009, 0.07282789796590805, 0.056443095207214355, 0.07208742946386337, 0.05440223962068558, 0.035432636737823486, 0.07824099808931351, 0.028147095814347267, 0.03204730153083801, 0.04778624325990677, 0.0338301919400692, 0.09265676140785217, 0.031700145453214645, 0.051845233887434006, 0.06674423068761826, 0.04527318477630615, 0.05525518208742142, 0.00758407125249505, 0.030978305265307426, 0.007925653830170631, 0.07015860080718994, 0.06580326706171036, 0.03249651938676834, 0.08778517693281174, 0.041224729269742966, 0.0008980274433270097, 0.034243691712617874, 0.08697479218244553, 0.07243967056274414, 0.07580528408288956, 0.0703786164522171, 0.06483156979084015, 0.007563567254692316, 0.062070202082395554, 0.02267097309231758, 0.04414374381303787, 0.04648195579648018, 0.032763976603746414, 0.010604018345475197, 0.07622124999761581, 0.03075278364121914, 0.016164256259799004, 0.019409341737627983, 0.09972654283046722, 0.07006624341011047, 0.08120559900999069, 0.06104625388979912, 0.0851353108882904, 0.05298728495836258, 0.006976068019866943, 0.00777481822296977, 0.0023442567326128483, 0.08334499597549438, 0.0305170901119709, 0.004430538509041071, 0.004489523358643055, 0.056106239557266235, 0.0371449775993824, 0.03192334249615669, 0.07500600069761276, 0.005024546291679144, 0.03831081464886665, 0.012765801511704922, 0.04761248454451561, 0.05427640676498413, 0.08844349533319473, 0.0781150683760643, 0.010737592354416847, 0.04711960628628731, 0.04234650731086731, 0.013968712650239468, 0.04102643206715584, 0.01886013150215149, 0.06356450170278549, 0.032195914536714554, 0.08145961165428162, 0.019275451079010963, 0.0482751689851284, 0.027239710092544556, 0.08137588202953339, 0.07795979827642441, 0.028661174699664116, 0.0027285576798021793, 0.016435761004686356, 0.020911365747451782, 0.07984734326601028, 0.053023334592580795, 0.0995427593588829, 0.08974295109510422, 0.03925639018416405, 0.073392353951931, 0.040313541889190674, 0.07894116640090942, 0.06666474789381027, 0.03543396666646004, 0.07232126593589783, 0.02990412712097168, 0.04282509163022041, 0.09379439055919647, 0.02570474147796631, 0.08901834487915039, 0.02157413959503174, 0.08170288801193237, 0.087567038834095, 0.020625144243240356, 0.07147657871246338, 0.0639076754450798, 0.04601309448480606, 0.09410353004932404, 0.029553759843111038, 0.020548617467284203, 0.09943283349275589, 0.03267945721745491, 0.04642501100897789, 0.08892428129911423, 0.019027715548872948, 0.06600648909807205, 0.08265844732522964, 0.07342750579118729, 0.05673015117645264, 0.046275682747364044, 0.09855421632528305, 0.033374201506376266, 0.04016292840242386, 0.017422204837203026, 0.042910415679216385, 0.04864656552672386, 0.04490939900279045, 0.007497888989746571, 0.025247395038604736, 0.05756143853068352, 0.07724615186452866, 0.0005694747087545693, 0.04987775906920433, 0.01809173822402954, 0.09491455554962158, 0.04474819451570511, 0.05072777345776558, 0.07195811718702316, 0.07891230285167694, 0.004179376643151045, 0.09311598539352417, 0.043110039085149765, 0.06642021983861923, 0.03864918276667595, 0.09276627004146576, 0.026791144162416458, 0.09628736227750778, 0.013941771350800991, 0.008610027842223644, 0.0450790710747242, 0.027271825820207596, 0.0535280816257, 0.09905456751585007, 0.003320842981338501, 0.045094650238752365, 0.02971677854657173, 0.013836055994033813, 0.07703925669193268, 0.041386302560567856, 0.04163555055856705, 0.09026529639959335, 0.05608118698000908, 0.09171666949987411, 0.09495429694652557, 0.01073197741061449, 0.0793880745768547, 0.08798020333051682, 0.01111256517469883, 0.012571531347930431, 0.038946159183979034, 0.016555411741137505, 0.0068624201230704784, 0.022625017911195755, 0.09596346318721771, 0.02288084663450718, 0.05205141380429268, 0.07623469084501266, 0.0014071345794945955, 0.09410641342401505, 0.03738411143422127, 0.08477860689163208, 0.04382578283548355, 0.09421089291572571, 0.09928145259618759, 0.08646569401025772, 0.009388810954988003, 0.02643357589840889, 0.04035002738237381, 0.010331940837204456, 0.00704310555011034, 0.03753626346588135, 0.05274951085448265, 0.03241315111517906, 0.08122535794973373, 0.04467798396945, 0.0025669813621789217, 0.061607133597135544, 0.05032443627715111, 9.181499626720324e-05, 0.0771663635969162, 0.026715893298387527, 0.09416176378726959, 0.0929708331823349, 0.05959191918373108, 0.06312073022127151, 0.09406860917806625, 0.022847050800919533, 0.028609639033675194, 0.020009243860840797, 0.07089748978614807, 0.0934378132224083, 0.01664717309176922, 0.0070594907738268375, 0.013639491982758045, 0.05917024612426758, 0.0050653936341404915, 0.04619411379098892, 